ID,Hand,XPos,YPos,ZPos,Time
testid,Right,0.2461812,1.311223,0.3487925,17.27197
testid,Left,-0.2008383,1.044289,0.318137,17.31369
testid,Right,0.24641,1.308194,0.3500464,17.31369
testid,Left,-0.2007579,1.04434,0.3183883,17.34778
testid,Right,0.2456516,1.306052,0.3506489,17.34778
testid,Left,-0.2005737,1.044549,0.3187574,17.38342
testid,Right,0.2447409,1.303612,0.3512538,17.38342
testid,Left,-0.2001759,1.044984,0.3190062,17.41478
testid,Right,0.243985,1.300616,0.3521139,17.41478
testid,Left,-0.2000786,1.045143,0.3191679,17.44904
testid,Right,0.2428955,1.296688,0.3534918,17.44904
testid,Left,-0.1996911,1.045104,0.3191067,17.48361
testid,Right,0.2415354,1.290764,0.355784,17.48361
testid,Left,-0.198794,1.044668,0.3189178,17.5193
testid,Right,0.239672,1.282373,0.3587599,17.5193
testid,Left,-0.1978673,1.044192,0.318762,17.55218
testid,Right,0.2373357,1.271719,0.3624785,17.55218
testid,Left,-0.1969882,1.044122,0.3186746,17.58717
testid,Right,0.2360225,1.257956,0.3668141,17.58717
testid,Left,-0.1963983,1.044265,0.3187737,17.62022
testid,Right,0.2339901,1.241822,0.3711837,17.62022
testid,Left,-0.1959192,1.044257,0.3187444,17.65369
testid,Right,0.2308253,1.223959,0.375019,17.65369
testid,Left,-0.1949509,1.044313,0.318462,17.68804
testid,Right,0.2281184,1.204035,0.3774946,17.68804
testid,Left,-0.194623,1.044744,0.3186122,17.72074
testid,Right,0.2238926,1.183904,0.3791868,17.72074
testid,Left,-0.1943952,1.045407,0.3184729,17.75414
testid,Right,0.2228781,1.164337,0.3790646,17.75414
testid,Left,-0.1944949,1.04635,0.318222,17.78758
testid,Right,0.2230497,1.147239,0.3780537,17.78758
testid,Left,-0.1949141,1.047222,0.317772,17.82107
testid,Right,0.2249704,1.133878,0.376202,17.82107
testid,Left,-0.1957269,1.047459,0.3170506,17.85377
testid,Right,0.2294083,1.122511,0.37399,17.85377
testid,Left,-0.1970066,1.046988,0.3155315,17.88781
testid,Right,0.2356273,1.111449,0.3716578,17.88781
testid,Left,-0.1980868,1.045732,0.3139739,17.92022
testid,Right,0.242727,1.100978,0.3690763,17.92022
testid,Left,-0.1990476,1.043744,0.3123304,17.95473
testid,Right,0.2509407,1.091357,0.3661694,17.95473
testid,Left,-0.1996736,1.041697,0.310939,17.98767
testid,Right,0.2595329,1.082713,0.3629448,17.98767
testid,Left,-0.1996857,1.039335,0.3096898,18.02067
testid,Right,0.2694967,1.075233,0.3590738,18.02067
testid,Left,-0.1991439,1.03633,0.3082827,18.05358
testid,Right,0.2799454,1.068106,0.3547376,18.05358
testid,Left,-0.1979067,1.033701,0.3072632,18.08696
testid,Right,0.2900393,1.062077,0.3505223,18.08696
testid,Left,-0.1956338,1.031521,0.3068318,18.11993
testid,Right,0.2996026,1.057411,0.3460155,18.11993
testid,Left,-0.1927321,1.029199,0.3068525,18.154
testid,Right,0.308413,1.054422,0.3414383,18.154
testid,Left,-0.1894468,1.027141,0.3076434,18.1871
testid,Right,0.3165224,1.052729,0.3367555,18.1871
testid,Left,-0.1854532,1.025954,0.3092605,18.21953
testid,Right,0.3232118,1.052092,0.3326463,18.21953
testid,Left,-0.1809118,1.025456,0.3118752,18.25336
testid,Right,0.3284058,1.053007,0.328934,18.25336
testid,Left,-0.1761935,1.025343,0.3152378,18.2862
testid,Right,0.3329887,1.05509,0.3252123,18.2862
testid,Left,-0.1714557,1.02568,0.3192778,18.31938
testid,Right,0.3366576,1.057551,0.3218091,18.31938
testid,Left,-0.1667003,1.026704,0.3243062,18.35365
testid,Right,0.3398114,1.060128,0.318525,18.35365
testid,Left,-0.1617961,1.028169,0.3297382,18.38795
testid,Right,0.3426918,1.062449,0.3150675,18.38795
testid,Left,-0.1568709,1.029981,0.3353709,18.42045
testid,Right,0.3452673,1.064621,0.3119207,18.42045
testid,Left,-0.1520147,1.032041,0.3411138,18.45312
testid,Right,0.3472981,1.066496,0.3091849,18.45312
testid,Left,-0.1472581,1.034444,0.3465367,18.4861
testid,Right,0.34922,1.06751,0.3065717,18.4861
testid,Left,-0.1424863,1.037084,0.351307,18.51927
testid,Right,0.3508796,1.067903,0.3045934,18.51927
testid,Left,-0.138119,1.039656,0.3555634,18.55251
testid,Right,0.3516966,1.067395,0.3034484,18.55251
testid,Left,-0.1342988,1.041817,0.3590749,18.58574
testid,Right,0.3523459,1.067069,0.3027365,18.58574
testid,Left,-0.1316496,1.043317,0.3615943,18.62341
testid,Right,0.3522936,1.067442,0.3025324,18.62341
testid,Left,-0.1296273,1.044559,0.363344,18.65777
testid,Right,0.352855,1.068162,0.3018225,18.65777
testid,Left,-0.1282908,1.045252,0.364424,18.68704
testid,Right,0.353252,1.069819,0.3021163,18.68704
testid,Left,-0.128418,1.044888,0.3645586,18.7188
testid,Right,0.3535034,1.07467,0.3031467,18.7188
testid,Left,-0.1285882,1.044283,0.3647343,18.7521
testid,Right,0.3550311,1.08359,0.3036186,18.7521
testid,Left,-0.128955,1.043468,0.3644874,18.78531
testid,Right,0.3573386,1.097373,0.3043365,18.78531
testid,Left,-0.1304771,1.041652,0.3635515,18.81871
testid,Right,0.3594652,1.120695,0.3049515,18.81871
testid,Left,-0.1318547,1.040747,0.3628101,18.85117
testid,Right,0.3611099,1.150482,0.3041002,18.85117
testid,Left,-0.1334702,1.040054,0.36214,18.88466
testid,Right,0.3609497,1.183087,0.3021415,18.88466
testid,Left,-0.1354112,1.03897,0.3613233,18.91894
testid,Right,0.3597365,1.215144,0.2993849,18.91894
testid,Left,-0.1369805,1.037561,0.3606163,18.95233
testid,Right,0.3553613,1.244541,0.2974129,18.95233
testid,Left,-0.1377199,1.036426,0.3603165,18.98417
testid,Right,0.3492474,1.269009,0.2961657,18.98417
testid,Left,-0.1379063,1.035874,0.3603888,19.01741
testid,Right,0.3424515,1.286748,0.2962273,19.01741
testid,Left,-0.1381782,1.034873,0.3604319,19.05021
testid,Right,0.3348152,1.297426,0.2976039,19.05021
testid,Left,-0.1379193,1.034641,0.3605776,19.08389
testid,Right,0.3270801,1.303276,0.2995726,19.08389
testid,Left,-0.137023,1.034535,0.3613157,19.11708
testid,Right,0.3179506,1.305244,0.3022973,19.11708
testid,Left,-0.1355367,1.035353,0.3622666,19.15076
testid,Right,0.3129003,1.303782,0.3045679,19.15076
testid,Left,-0.134524,1.036597,0.362968,19.18426
testid,Right,0.3107085,1.299727,0.3072286,19.18426
testid,Left,-0.1336944,1.037876,0.3633815,19.21741
testid,Right,0.3101533,1.294822,0.3096925,19.21741
testid,Left,-0.133236,1.039196,0.3634912,19.25067
testid,Right,0.313143,1.290545,0.3103154,19.25067
testid,Left,-0.1336131,1.040287,0.363358,19.28406
testid,Right,0.3163202,1.287519,0.3105313,19.28406
testid,Left,-0.1348369,1.040624,0.3629177,19.31736
testid,Right,0.3177764,1.286402,0.3103195,19.31736
testid,Left,-0.137337,1.040563,0.3620353,19.35094
testid,Right,0.3185593,1.286436,0.309783,19.35094
testid,Left,-0.1407066,1.039512,0.3609582,19.38424
testid,Right,0.3208174,1.286554,0.3090577,19.38424
testid,Left,-0.1441212,1.03772,0.3596402,19.4176
testid,Right,0.3215164,1.287003,0.3090252,19.4176
testid,Left,-0.1472522,1.035796,0.3580048,19.45111
testid,Right,0.3214956,1.287452,0.3087322,19.45111
testid,Left,-0.1497799,1.034013,0.3562879,19.48463
testid,Right,0.3222595,1.287795,0.308167,19.48463
testid,Left,-0.1516592,1.032542,0.3545496,19.51892
testid,Right,0.323169,1.287755,0.307959,19.51892
testid,Left,-0.1528241,1.031559,0.3530781,19.55004
testid,Right,0.3226393,1.2874,0.3082339,19.55004
testid,Left,-0.1530469,1.031202,0.3521044,19.58341
testid,Right,0.3228461,1.287309,0.3079365,19.58341
testid,Left,-0.1527811,1.03117,0.3516541,19.617
testid,Right,0.3224661,1.287324,0.3077754,19.617
testid,Left,-0.1524536,1.030975,0.3509294,19.6508
testid,Right,0.3213091,1.28787,0.3078424,19.6508
testid,Left,-0.1518381,1.030947,0.3505349,19.68436
testid,Right,0.3211792,1.288213,0.3074881,19.68436
testid,Left,-0.1511465,1.031072,0.350394,19.71689
testid,Right,0.3212584,1.28837,0.3071942,19.71689
testid,Left,-0.1498899,1.03154,0.3504262,19.75006
testid,Right,0.3213086,1.28861,0.3071167,19.75006
testid,Left,-0.1490042,1.031938,0.3505301,19.78346
testid,Right,0.3216966,1.289191,0.3069081,19.78346
testid,Left,-0.1481354,1.032356,0.3508443,19.81701
testid,Right,0.3221565,1.289396,0.306888,19.81701
testid,Left,-0.1470668,1.032879,0.3512701,19.85029
testid,Right,0.3223318,1.289341,0.3070426,19.85029
testid,Left,-0.1464425,1.033311,0.3515091,19.88361
testid,Right,0.3227291,1.289566,0.3072581,19.88361
testid,Left,-0.1457731,1.033859,0.3518419,19.91706
testid,Right,0.3230572,1.289414,0.3070387,19.91706
testid,Left,-0.1454836,1.034259,0.351833,19.94928
testid,Right,0.3235114,1.289393,0.3068698,19.94928
testid,Left,-0.1452918,1.034646,0.3519025,19.98284
testid,Right,0.3239553,1.289162,0.306824,19.98284
testid,Left,-0.1452415,1.034732,0.3518607,20.01662
testid,Right,0.324286,1.288842,0.3067332,20.01662
testid,Left,-0.1452909,1.034533,0.351572,20.05029
testid,Right,0.3246956,1.288245,0.306936,20.05029
testid,Left,-0.1453828,1.034245,0.3513807,20.0837
testid,Right,0.3250508,1.287998,0.3069306,20.0837
testid,Left,-0.1454419,1.033981,0.3512076,20.11735
testid,Right,0.3265419,1.287931,0.307074,20.11735
testid,Left,-0.1454253,1.033893,0.3510546,20.14918
testid,Right,0.326826,1.288184,0.3069863,20.14918
testid,Left,-0.1454054,1.033996,0.3510869,20.18244
testid,Right,0.3269502,1.288381,0.3068319,20.18244
testid,Left,-0.1453102,1.034079,0.3511781,20.21673
testid,Right,0.3276307,1.289142,0.3066095,20.21673
testid,Left,-0.1450548,1.034101,0.3511696,20.24964
testid,Right,0.3278599,1.289444,0.3063653,20.24964
testid,Left,-0.1447942,1.034179,0.3512235,20.2831
testid,Right,0.3279958,1.289388,0.3063249,20.2831
testid,Left,-0.1443283,1.034313,0.3512187,20.31729
testid,Right,0.3286352,1.288879,0.3067026,20.31729
testid,Left,-0.1440383,1.034313,0.351288,20.34982
testid,Right,0.3295524,1.288078,0.306781,20.34982
testid,Left,-0.1436339,1.034335,0.3515084,20.3827
testid,Right,0.3291706,1.287378,0.3070374,20.3827
testid,Left,-0.1432373,1.034494,0.3516871,20.4161
testid,Right,0.3296467,1.284714,0.3081882,20.4161
testid,Left,-0.1429209,1.034568,0.3517359,20.44973
testid,Right,0.331203,1.28038,0.3095644,20.44973
testid,Left,-0.1427575,1.03442,0.3517361,20.48308
testid,Right,0.3329851,1.273098,0.3124079,20.48308
testid,Left,-0.1424566,1.033895,0.3515732,20.51671
testid,Right,0.3364345,1.260215,0.3175232,20.51671
testid,Left,-0.1420903,1.033076,0.3514766,20.54996
testid,Right,0.3422987,1.239541,0.3242011,20.54996
testid,Left,-0.1416914,1.032475,0.3515868,20.58295
testid,Right,0.3457936,1.215018,0.3307557,20.58295
testid,Left,-0.1411239,1.032055,0.3516852,20.61642
testid,Right,0.3476793,1.187123,0.3353114,20.61642
testid,Left,-0.1403487,1.031947,0.3517205,20.64985
testid,Right,0.3480308,1.158368,0.3374082,20.64985
testid,Left,-0.139726,1.032293,0.3520819,20.68331
testid,Right,0.3465726,1.13001,0.3366166,20.68331
testid,Left,-0.1392001,1.032764,0.3522555,20.71647
testid,Right,0.3435132,1.104775,0.3338471,20.71647
testid,Left,-0.1392386,1.032899,0.3525227,20.75067
testid,Right,0.3405291,1.084852,0.329857,20.75067
testid,Left,-0.1394331,1.032951,0.3526254,20.78299
testid,Right,0.3382054,1.070332,0.3261037,20.78299
testid,Left,-0.1399254,1.033053,0.3526291,20.81415
testid,Right,0.3355066,1.061034,0.3238013,20.81415
testid,Left,-0.1408904,1.03315,0.3525301,20.84755
testid,Right,0.3342952,1.056488,0.321357,20.84755
testid,Left,-0.1420496,1.032983,0.3522725,20.87915
testid,Right,0.3340729,1.05619,0.3204818,20.87915
testid,Left,-0.1435169,1.032692,0.35201,20.91287
testid,Right,0.3340455,1.057625,0.3212384,20.91287
testid,Left,-0.1448238,1.032384,0.3518866,20.9454
testid,Right,0.3339453,1.05858,0.3220488,20.9454
testid,Left,-0.1454816,1.032014,0.3519665,20.9793
testid,Right,0.3345085,1.061423,0.3231462,20.9793
testid,Left,-0.1458848,1.031572,0.3520471,21.0104
testid,Right,0.3350439,1.065118,0.3251232,21.0104
testid,Left,-0.1458326,1.03147,0.3523785,21.05293
testid,Right,0.3370937,1.069532,0.3263497,21.05293
testid,Left,-0.1453955,1.031569,0.352781,21.08611
testid,Right,0.3382508,1.072746,0.3275951,21.08611
testid,Left,-0.144143,1.03212,0.3535056,21.12012
testid,Right,0.3399503,1.07576,0.3281457,21.12012
testid,Left,-0.1426384,1.032817,0.3542022,21.15036
testid,Right,0.3415972,1.078698,0.3285312,21.15036
testid,Left,-0.1415243,1.033301,0.3548068,21.18163
testid,Right,0.3432738,1.08175,0.3289654,21.18163
testid,Left,-0.1402612,1.033934,0.3556061,21.21469
testid,Right,0.3452647,1.084744,0.3288948,21.21469
testid,Left,-0.1393822,1.034384,0.3561767,21.2473
testid,Right,0.3473329,1.087697,0.3285218,21.2473
testid,Left,-0.1386603,1.034876,0.3566467,21.27933
testid,Right,0.3497538,1.091137,0.3280832,21.27933
testid,Left,-0.1383234,1.035248,0.3571129,21.31165
testid,Right,0.3524569,1.094296,0.3273976,21.31165
testid,Left,-0.138239,1.035576,0.3576329,21.34471
testid,Right,0.3532092,1.094915,0.3269297,21.34471
testid,Left,-0.1383053,1.035803,0.358046,21.37742
testid,Right,0.3548492,1.096418,0.3266442,21.37742
testid,Left,-0.1385056,1.035971,0.3583741,21.40968
testid,Right,0.3564151,1.097054,0.3261099,21.40968
testid,Left,-0.1387278,1.036059,0.3586821,21.44048
testid,Right,0.3569812,1.096392,0.3256744,21.44048
testid,Left,-0.1388494,1.03618,0.3588959,21.47297
testid,Right,0.3564008,1.095237,0.3263084,21.47297
testid,Left,-0.1388446,1.036386,0.3589832,21.50577
testid,Right,0.3543503,1.092982,0.3271011,21.50577
testid,Left,-0.1389262,1.036582,0.3587624,21.53899
testid,Right,0.3498581,1.089988,0.3287792,21.53899
testid,Left,-0.139124,1.036806,0.3579999,21.5717
testid,Right,0.3431126,1.087454,0.3314744,21.5717
testid,Left,-0.1396884,1.037214,0.3563188,21.60434
testid,Right,0.3317316,1.085607,0.3364299,21.60434
testid,Left,-0.1416158,1.038339,0.3542123,21.63801
testid,Right,0.3147509,1.084475,0.3429601,21.63801
testid,Left,-0.1446138,1.040187,0.3520328,21.67074
testid,Right,0.2952352,1.084511,0.3484401,21.67074
testid,Left,-0.1485122,1.042016,0.3492147,21.70309
testid,Right,0.2736702,1.086177,0.3535126,21.70309
testid,Left,-0.1538025,1.043603,0.3454935,21.73671
testid,Right,0.2487594,1.089075,0.3579887,21.73671
testid,Left,-0.1602122,1.04547,0.3408498,21.76818
testid,Right,0.2212183,1.091023,0.3608814,21.76818
testid,Left,-0.1653403,1.047484,0.3370042,21.80091
testid,Right,0.2022301,1.091807,0.3609608,21.80091
testid,Left,-0.1729589,1.050338,0.3306825,21.83319
testid,Right,0.1728476,1.094446,0.359941,21.83319
testid,Left,-0.1860681,1.053478,0.3177848,21.87741
testid,Right,0.1225668,1.100117,0.352895,21.87741
testid,Left,-0.1915711,1.05429,0.3108223,21.90815
testid,Right,0.1041099,1.10168,0.3472582,21.90815
testid,Left,-0.1997157,1.055644,0.2999918,21.94326
testid,Right,0.07839961,1.104296,0.3398896,21.94326
testid,Left,-0.2078225,1.056651,0.2881072,21.97311
testid,Right,0.05228702,1.108655,0.3297614,21.97311
testid,Left,-0.2159961,1.05693,0.2749085,22.00448
testid,Right,0.02897478,1.114441,0.3187099,22.00448
testid,Left,-0.2242859,1.05627,0.2602225,22.03948
testid,Right,0.009013501,1.1196,0.3100942,22.03948
testid,Left,-0.2327965,1.05549,0.2445606,22.07536
testid,Right,-0.00941164,1.12355,0.3015116,22.07536
testid,Left,-0.2477399,1.051434,0.2116708,22.13484
testid,Right,-0.0406501,1.134978,0.2873421,22.13484
testid,Left,-0.2570775,1.04575,0.1830482,22.18935
testid,Right,-0.06106023,1.145605,0.279463,22.18935
testid,Left,-0.2592525,1.04333,0.1723705,22.22009
testid,Right,-0.06742296,1.149742,0.2758394,22.22009
testid,Left,-0.2626821,1.039729,0.1559417,22.25184
testid,Right,-0.07696693,1.155269,0.2717111,22.25184
testid,Left,-0.2648556,1.03643,0.1408937,22.2846
testid,Right,-0.08458031,1.159719,0.2682069,22.2846
testid,Left,-0.2665409,1.031717,0.1196953,22.33324
testid,Right,-0.09425031,1.163666,0.2642207,22.33324
testid,Left,-0.2668908,1.029032,0.1100565,22.3726
testid,Right,-0.09929658,1.161952,0.2650591,22.3726
testid,Left,-0.2673392,1.02742,0.1030655,22.40891
testid,Right,-0.1029682,1.161626,0.2656813,22.40891
testid,Left,-0.2678769,1.02675,0.09788036,22.43875
testid,Right,-0.1048641,1.161583,0.2650061,22.43875
testid,Left,-0.2688537,1.026532,0.09476642,22.46916
testid,Right,-0.108573,1.165401,0.2683979,22.46916
testid,Left,-0.2707281,1.026821,0.094649,22.50582
testid,Right,-0.1139429,1.173859,0.2753172,22.50582
testid,Left,-0.2726271,1.027325,0.0950668,22.53611
testid,Right,-0.1176412,1.186831,0.2795419,22.53611
testid,Left,-0.2760983,1.028787,0.09749267,22.57814
testid,Right,-0.1227205,1.212524,0.2849877,22.57814
testid,Left,-0.2788706,1.030431,0.1007532,22.61138
testid,Right,-0.1240573,1.237049,0.286515,22.61138
testid,Left,-0.2838978,1.034254,0.1087659,22.67595
testid,Right,-0.1212815,1.282868,0.2874041,22.67595
testid,Left,-0.2854848,1.035459,0.1120971,22.70894
testid,Right,-0.1205489,1.291738,0.2844324,22.70894
testid,Left,-0.2873039,1.036991,0.1163865,22.74139
testid,Right,-0.1203326,1.302846,0.2799671,22.74139
testid,Left,-0.2889255,1.038299,0.1206059,22.77218
testid,Right,-0.1220795,1.309118,0.2768484,22.77218
testid,Left,-0.2903723,1.039359,0.1244882,22.80608
testid,Right,-0.1244596,1.311683,0.2741837,22.80608
testid,Left,-0.2913873,1.040153,0.1276581,22.83964
testid,Right,-0.1265938,1.311997,0.2704843,22.83964
testid,Left,-0.2922347,1.040622,0.1304677,22.87074
testid,Right,-0.1292673,1.309779,0.2666853,22.87074
testid,Left,-0.2930342,1.04078,0.1326636,22.90209
testid,Right,-0.1317315,1.306708,0.2640385,22.90209
testid,Left,-0.293895,1.040718,0.134228,22.93564
testid,Right,-0.1329049,1.304566,0.2629826,22.93564
testid,Left,-0.2948521,1.040539,0.1358116,22.96482
testid,Right,-0.1327216,1.303175,0.261028,22.96482
testid,Left,-0.2958192,1.040321,0.1374213,22.99629
testid,Right,-0.1323124,1.301107,0.2591513,22.99629
testid,Left,-0.2969701,1.040036,0.1383772,23.02853
testid,Right,-0.1324155,1.300271,0.2650253,23.02853
testid,Left,-0.297999,1.040022,0.1394418,23.06123
testid,Right,-0.1322132,1.301073,0.2690327,23.06123
testid,Left,-0.2984579,1.040174,0.1403032,23.09385
testid,Right,-0.130584,1.301503,0.2585041,23.09385
testid,Left,-0.2983067,1.039626,0.1412536,23.12708
testid,Right,-0.1293389,1.301532,0.2488802,23.12708
testid,Left,-0.2971216,1.037605,0.1419207,23.1636
testid,Right,-0.129875,1.300644,0.2494316,23.1636
testid,Left,-0.2966913,1.037324,0.1428933,23.19339
testid,Right,-0.1316282,1.299901,0.2565142,23.19339
testid,Left,-0.2958968,1.038073,0.1433873,23.2236
testid,Right,-0.1339808,1.300316,0.2609608,23.2236
testid,Left,-0.2951758,1.038006,0.1442816,23.28989
testid,Right,-0.1360381,1.300561,0.2398598,23.28989
testid,Left,-0.2930973,1.034686,0.1426791,23.33309
testid,Right,-0.1363369,1.296427,0.2379597,23.33309
testid,Left,-0.2930112,1.035868,0.1437972,23.36747
testid,Right,-0.1377872,1.296024,0.248753,23.36747
testid,Left,-0.2924168,1.038613,0.1419203,23.42018
testid,Right,-0.1388692,1.296517,0.252729,23.42018
testid,Left,-0.2928524,1.037218,0.1413367,23.45074
testid,Right,-0.1377826,1.298998,0.2490878,23.45074
testid,Left,-0.2928342,1.034497,0.1388128,23.48308
testid,Right,-0.1354624,1.300704,0.2475806,23.48308
testid,Left,-0.2927364,1.032919,0.1378693,23.51444
testid,Right,-0.133715,1.299738,0.2524728,23.51444
testid,Left,-0.2932699,1.033923,0.139312,23.54735
testid,Right,-0.1336084,1.297864,0.2630186,23.54735
testid,Left,-0.293089,1.034749,0.1369365,23.58245
testid,Right,-0.1349383,1.29453,0.2662464,23.58245
testid,Left,-0.2932522,1.034292,0.1375089,23.61294
testid,Right,-0.1344484,1.293169,0.2612557,23.61294
testid,Left,-0.2925488,1.032283,0.1363757,23.64442
testid,Right,-0.1327178,1.294712,0.2576958,23.64442
testid,Left,-0.2922233,1.030917,0.1371295,23.67659
testid,Right,-0.1313546,1.294044,0.2578583,23.67659
testid,Left,-0.2918366,1.031148,0.1383501,23.71975
testid,Right,-0.1289929,1.287831,0.2615823,23.71975
testid,Left,-0.2913877,1.03275,0.1394207,23.75133
testid,Right,-0.1274197,1.277996,0.2680816,23.75133
testid,Left,-0.2911119,1.034302,0.1402762,23.78401
testid,Right,-0.1255768,1.26276,0.2758208,23.78401
testid,Left,-0.2903606,1.035193,0.1410596,23.82797
testid,Right,-0.1221952,1.236554,0.283926,23.82797
testid,Left,-0.2897778,1.035261,0.1414916,23.86091
testid,Right,-0.1190082,1.213588,0.2871727,23.86091
testid,Left,-0.2893427,1.034671,0.1414882,23.89318
testid,Right,-0.1155919,1.189165,0.2881833,23.89318
testid,Left,-0.2893886,1.03326,0.1412341,23.95875
testid,Right,-0.1070246,1.145093,0.2879064,23.95875
testid,Left,-0.2897072,1.03323,0.1419318,24.00023
testid,Right,-0.1014438,1.124851,0.2848306,24.00023
testid,Left,-0.2897648,1.033524,0.1423622,24.03348
testid,Right,-0.09871096,1.116303,0.2831264,24.03348
testid,Left,-0.2895925,1.033892,0.1424471,24.06268
testid,Right,-0.09808735,1.113174,0.2814407,24.06268
testid,Left,-0.2899189,1.033904,0.1431212,24.09428
testid,Right,-0.09756902,1.108418,0.2792421,24.09428
testid,Left,-0.2896211,1.033972,0.1438882,24.16076
testid,Right,-0.09915933,1.108266,0.2741784,24.16076
testid,Left,-0.289856,1.034509,0.1441976,24.19387
testid,Right,-0.1018718,1.110079,0.2750704,24.19387
testid,Left,-0.2903326,1.035829,0.1439045,24.23219
testid,Right,-0.1041269,1.113915,0.2733298,24.23219
testid,Left,-0.2910938,1.037187,0.143496,24.26812
testid,Right,-0.1076163,1.118018,0.2724953,24.26812
testid,Left,-0.2917003,1.037706,0.1432242,24.29871
testid,Right,-0.1112608,1.121962,0.2728745,24.29871
testid,Left,-0.2922852,1.038148,0.1426823,24.33003
testid,Right,-0.1146846,1.126254,0.2733198,24.33003
testid,Left,-0.2927593,1.038615,0.1416974,24.36188
testid,Right,-0.1191821,1.131552,0.2727343,24.36188
testid,Left,-0.293119,1.038951,0.1408602,24.39379
testid,Right,-0.1252985,1.140703,0.2718605,24.39379
testid,Left,-0.2934542,1.039609,0.1389341,24.42703
testid,Right,-0.1342302,1.154545,0.2718268,24.42703
testid,Left,-0.2933249,1.039933,0.1369521,24.46236
testid,Right,-0.147201,1.171722,0.2694237,24.46236
testid,Left,-0.2927504,1.039596,0.1352397,24.49183
testid,Right,-0.1627726,1.198339,0.2671852,24.49183
testid,Left,-0.2912764,1.039108,0.1330875,24.52366
testid,Right,-0.182873,1.235857,0.2641417,24.52366
testid,Left,-0.2899362,1.039523,0.132906,24.55561
testid,Right,-0.197679,1.26786,0.2626709,24.55561
testid,Left,-0.2869814,1.040753,0.1322439,24.5982
testid,Right,-0.2260877,1.327503,0.2638058,24.5982
testid,Left,-0.2847317,1.042382,0.1319291,24.62927
testid,Right,-0.2473846,1.369786,0.2670814,24.62927
testid,Left,-0.2822416,1.044494,0.1317591,24.66183
testid,Right,-0.2701556,1.405914,0.271985,24.66183
testid,Left,-0.2794296,1.047149,0.1318826,24.69375
testid,Right,-0.2954683,1.432929,0.2772956,24.69375
testid,Left,-0.2763171,1.050481,0.132165,24.72638
testid,Right,-0.3203307,1.455077,0.2829631,24.72638
testid,Left,-0.2732546,1.053403,0.1313839,24.75934
testid,Right,-0.3433253,1.473381,0.2875595,24.75934
testid,Left,-0.2700393,1.055567,0.1300634,24.7917
testid,Right,-0.366147,1.483721,0.289391,24.7917
testid,Left,-0.2678268,1.056325,0.1290791,24.82325
testid,Right,-0.3796435,1.487303,0.2928767,24.82325
testid,Left,-0.2648714,1.056853,0.1267769,24.85546
testid,Right,-0.3979959,1.49485,0.29762,24.85546
testid,Left,-0.2624411,1.056488,0.1239097,24.88885
testid,Right,-0.4150574,1.498689,0.2999684,24.88885
testid,Left,-0.2601302,1.055759,0.1186185,24.93272
testid,Right,-0.4388832,1.507571,0.3048123,24.93272
testid,Left,-0.2611243,1.055195,0.1165748,24.96149
testid,Right,-0.4490706,1.509676,0.3063841,24.96149
testid,Left,-0.2628897,1.054844,0.113701,24.9937
testid,Right,-0.4618514,1.514656,0.3085486,24.9937
testid,Left,-0.265635,1.055124,0.1111021,25.02637
testid,Right,-0.4743404,1.518678,0.308901,25.02637
testid,Left,-0.2687382,1.05582,0.1090125,25.05958
testid,Right,-0.4867851,1.521189,0.3087194,25.05958
testid,Left,-0.2731868,1.058107,0.1070928,25.11619
testid,Right,-0.5048265,1.52485,0.3087633,25.11619
testid,Left,-0.2761322,1.060291,0.1056191,25.1571
testid,Right,-0.5179976,1.526489,0.3105546,25.1571
testid,Left,-0.277391,1.06185,0.1045451,25.18798
testid,Right,-0.527325,1.52593,0.3118868,25.18798
testid,Left,-0.2779669,1.062251,0.1028168,25.23059
testid,Right,-0.5359091,1.524632,0.3129954,25.23059
testid,Left,-0.2782143,1.061704,0.1010235,25.26265
testid,Right,-0.5437998,1.524655,0.3152256,25.26265
testid,Left,-0.2782579,1.060394,0.09895701,25.29488
testid,Right,-0.5505934,1.524584,0.3180836,25.29488
testid,Left,-0.2782931,1.056459,0.09473459,25.35026
testid,Right,-0.5601182,1.524512,0.3208271,25.35026
testid,Left,-0.2786572,1.050002,0.08753289,25.41467
testid,Right,-0.5725834,1.523169,0.3253109,25.41467
testid,Left,-0.2790481,1.046749,0.0845281,25.46824
testid,Right,-0.5802549,1.522584,0.3275099,25.46824
testid,Left,-0.279338,1.045482,0.08364888,25.49997
testid,Right,-0.5844558,1.522237,0.3282798,25.49997
testid,Left,-0.2794603,1.044077,0.08215646,25.52927
testid,Right,-0.5900471,1.52139,0.3303069,25.52927
testid,Left,-0.280031,1.04301,0.08149006,25.56166
testid,Right,-0.5957175,1.520867,0.3319911,25.56166
testid,Left,-0.2807905,1.042664,0.08166055,25.59225
testid,Right,-0.6004195,1.520748,0.333549,25.59225
testid,Left,-0.2814099,1.043455,0.08317405,25.63643
testid,Right,-0.6042825,1.520594,0.3341865,25.63643
testid,Left,-0.2822039,1.043807,0.08442394,25.66693
testid,Right,-0.6049349,1.520656,0.3342376,25.66693
testid,Left,-0.2834753,1.044297,0.0870256,25.69906
testid,Right,-0.6024997,1.520708,0.3341146,25.69906
testid,Left,-0.2846013,1.044538,0.0907362,25.73022
testid,Right,-0.5981919,1.520673,0.3327267,25.73022
testid,Left,-0.2857893,1.044566,0.09511723,25.76188
testid,Right,-0.590855,1.519941,0.3313423,25.76188
testid,Left,-0.2865653,1.044326,0.1003103,25.79462
testid,Right,-0.5807303,1.517811,0.3308564,25.79462
testid,Left,-0.2867296,1.044889,0.1071847,25.82515
testid,Right,-0.5672516,1.51506,0.330629,25.82515
testid,Left,-0.2862287,1.045989,0.116075,25.85813
testid,Right,-0.5490882,1.512152,0.330414,25.85813
testid,Left,-0.2848805,1.046804,0.1258733,25.8899
testid,Right,-0.5270516,1.507573,0.330926,25.8899
testid,Left,-0.2835096,1.047117,0.1333783,25.92389
testid,Right,-0.5076898,1.503919,0.3313773,25.92389
testid,Left,-0.2810625,1.047886,0.1448878,25.95467
testid,Right,-0.4778789,1.498654,0.3337324,25.95467
testid,Left,-0.2772793,1.048469,0.1578987,25.9966
testid,Right,-0.4433583,1.490937,0.3371691,25.9966
testid,Left,-0.2710012,1.048828,0.1748084,26.02961
testid,Right,-0.3956527,1.477448,0.3445693,26.02961
testid,Left,-0.2579884,1.049132,0.2030621,26.08502
testid,Right,-0.3189673,1.449843,0.3630913,26.08502
testid,Left,-0.2505118,1.047553,0.2199211,26.12834
testid,Right,-0.2769539,1.431105,0.3720322,26.12834
testid,Left,-0.2423151,1.047016,0.2369645,26.1597
testid,Right,-0.2340382,1.412606,0.3808801,26.1597
testid,Left,-0.2247663,1.047559,0.2690414,26.21321
testid,Right,-0.1592203,1.377261,0.388593,26.21321
testid,Left,-0.2115326,1.048272,0.289818,26.24463
testid,Right,-0.1141672,1.353943,0.3915627,26.24463
testid,Left,-0.1763091,1.052178,0.3325181,26.30889
testid,Right,-0.02225055,1.310863,0.3890373,26.30889
testid,Left,-0.1521581,1.05563,0.352755,26.35132
testid,Right,0.02244647,1.2918,0.384981,26.35132
testid,Left,-0.1264913,1.058099,0.371468,26.38301
testid,Right,0.06542455,1.27552,0.3753453,26.38301
testid,Left,-0.09824061,1.060044,0.3877711,26.41714
testid,Right,0.1104532,1.263947,0.3605577,26.41714
testid,Left,-0.06826878,1.061525,0.401586,26.44762
testid,Right,0.1510923,1.253877,0.3388439,26.44762
testid,Left,-0.0361312,1.0631,0.4115592,26.47975
testid,Right,0.1873198,1.246395,0.3138333,26.47975
testid,Left,-0.003468082,1.064491,0.4210515,26.51163
testid,Right,0.2225578,1.240675,0.2884068,26.51163
testid,Left,0.04078856,1.065021,0.423563,26.55437
testid,Right,0.2619564,1.233626,0.2515426,26.55437
testid,Left,0.06269816,1.064654,0.4208479,26.58598
testid,Right,0.2765476,1.231341,0.2317448,26.58598
testid,Left,0.145472,1.064062,0.4064745,26.66178
testid,Right,0.3358197,1.225447,0.1515271,26.66178
testid,Left,0.1810255,1.062431,0.392397,26.71828
testid,Right,0.3526907,1.22167,0.109797,26.71828
testid,Left,0.2188585,1.062044,0.3754527,26.76902
testid,Right,0.3736823,1.214,0.05624964,26.76902
testid,Left,0.242508,1.063983,0.3597043,26.81137
testid,Right,0.3827825,1.207147,0.01259228,26.81137
testid,Left,0.2573645,1.066138,0.3459375,26.84316
testid,Right,0.3854098,1.202843,-0.02150008,26.84316
testid,Left,0.2643807,1.065486,0.3354122,26.87943
testid,Right,0.3828845,1.200134,-0.04381932,26.87943
testid,Left,0.2746809,1.062766,0.322118,26.91038
testid,Right,0.3789214,1.196686,-0.07512166,26.91038
testid,Left,0.2827209,1.058523,0.3110957,26.9402
testid,Right,0.3723847,1.194192,-0.1051135,26.9402
testid,Left,0.2908782,1.05015,0.2989471,26.99227
testid,Right,0.354179,1.19288,-0.1537299,26.99227
testid,Left,0.294891,1.046262,0.2937115,27.02308
testid,Right,0.3405069,1.193804,-0.179539,27.02308
testid,Left,0.2993236,1.043537,0.2881993,27.06832
testid,Right,0.3202502,1.195968,-0.2103129,27.06832
testid,Left,0.3033454,1.041253,0.2829325,27.1201
testid,Right,0.2964452,1.197397,-0.2407491,27.1201
testid,Left,0.3053051,1.037755,0.278115,27.16413
testid,Right,0.279673,1.201661,-0.254721,27.16413
testid,Left,0.306048,1.035256,0.2745725,27.19773
testid,Right,0.2714553,1.205868,-0.2573717,27.19773
testid,Left,0.3073227,1.031796,0.2699261,27.22888
testid,Right,0.2616721,1.210951,-0.2598105,27.22888
testid,Left,0.3087728,1.028677,0.2654231,27.25913
testid,Right,0.2537077,1.214626,-0.2603771,27.25913
testid,Left,0.310658,1.026268,0.2605404,27.28918
testid,Right,0.2471067,1.216922,-0.2605881,27.28918
testid,Left,0.3129872,1.024557,0.255307,27.32415
testid,Right,0.242969,1.217657,-0.2597193,27.32415
testid,Left,0.3156949,1.023392,0.2503053,27.36357
testid,Right,0.2402422,1.218485,-0.2576998,27.36357
testid,Left,0.3223091,1.022403,0.2391272,27.42726
testid,Right,0.2358038,1.220038,-0.2528183,27.42726
testid,Left,0.3247476,1.023601,0.233854,27.47149
testid,Right,0.2348218,1.220606,-0.2526268,27.47149
testid,Left,0.3269162,1.025239,0.2292071,27.50397
testid,Right,0.2340088,1.220938,-0.2525965,27.50397
testid,Left,0.3285291,1.026813,0.2253891,27.5384
testid,Right,0.234115,1.221234,-0.2520941,27.5384
testid,Left,0.3295526,1.028072,0.2224329,27.57277
testid,Right,0.2339665,1.221202,-0.2528585,27.57277
testid,Left,0.330194,1.028983,0.2202516,27.60379
testid,Right,0.2345098,1.221005,-0.2530939,27.60379
testid,Left,0.3296512,1.028616,0.2198354,27.63381
testid,Right,0.2361774,1.220799,-0.2520434,27.63381
testid,Left,0.3296797,1.028776,0.2186488,27.66434
testid,Right,0.2372317,1.219592,-0.2532595,27.66434
testid,Left,0.3294099,1.028935,0.2181813,27.69542
testid,Right,0.2396559,1.216843,-0.2527804,27.69542
testid,Left,0.3286264,1.02923,0.2183682,27.72729
testid,Right,0.2430743,1.212379,-0.2520768,27.72729
testid,Left,0.3269803,1.029563,0.2197211,27.76189
testid,Right,0.2453991,1.207507,-0.2529747,27.76189
testid,Left,0.3246856,1.02985,0.2215889,27.80447
testid,Right,0.2498752,1.199042,-0.2523637,27.80447
testid,Left,0.3226262,1.029546,0.2236397,27.8347
testid,Right,0.252092,1.191616,-0.2522749,27.8347
testid,Left,0.3201738,1.028477,0.2263125,27.8679
testid,Right,0.2539017,1.183829,-0.2516962,27.8679
testid,Left,0.3174576,1.027436,0.2292797,27.90391
testid,Right,0.2567665,1.175727,-0.2488978,27.90391
testid,Left,0.3138941,1.026048,0.2338129,27.94259
testid,Right,0.2581075,1.165551,-0.2464985,27.94259
testid,Left,0.3109767,1.02491,0.2372314,27.97999
testid,Right,0.259161,1.158117,-0.2445634,27.97999
testid,Left,0.3084158,1.024262,0.2403713,28.01822
testid,Right,0.2597266,1.149766,-0.2426202,28.01822
testid,Left,0.3029526,1.023198,0.2483228,28.08288
testid,Right,0.2602851,1.128143,-0.2366541,28.08288
testid,Left,0.300727,1.023187,0.2505632,28.12768
testid,Right,0.2586291,1.119666,-0.234714,28.12768
testid,Left,0.298684,1.023317,0.2526575,28.15966
testid,Right,0.2579267,1.112866,-0.2310324,28.15966
testid,Left,0.2963534,1.023379,0.254163,28.21209
testid,Right,0.2551388,1.109448,-0.2283553,28.21209
testid,Left,0.2932633,1.023422,0.2565891,28.26678
testid,Right,0.2552982,1.113368,-0.221904,28.26678
testid,Left,0.2924715,1.023715,0.2569944,28.29829
testid,Right,0.2562038,1.118639,-0.2203967,28.29829
testid,Left,0.2917957,1.024294,0.257608,28.3288
testid,Right,0.2575983,1.123475,-0.2209332,28.3288
testid,Left,0.291185,1.024939,0.2579477,28.36223
testid,Right,0.261102,1.132566,-0.2227127,28.36223
testid,Left,0.2907367,1.025639,0.2584527,28.39311
testid,Right,0.2652819,1.145377,-0.2269672,28.39311
testid,Left,0.2903485,1.026739,0.2584771,28.43071
testid,Right,0.2708735,1.163231,-0.2359875,28.43071
testid,Left,0.2891677,1.028949,0.259932,28.48925
testid,Right,0.287432,1.206639,-0.2551736,28.48925
testid,Left,0.2879791,1.02935,0.2598523,28.54328
testid,Right,0.304647,1.244421,-0.2857194,28.54328
testid,Left,0.287254,1.029406,0.2602946,28.57501
testid,Right,0.3147842,1.257888,-0.2987581,28.57501
testid,Left,0.284815,1.031332,0.2669493,28.6696
testid,Right,0.3760773,1.342946,-0.3330755,28.6696
testid,Left,0.284386,1.035691,0.2721895,28.74224
testid,Right,0.4061606,1.37567,-0.3325675,28.74224
testid,Left,0.283523,1.036986,0.2745988,28.78384
testid,Right,0.4245007,1.389969,-0.3324691,28.78384
testid,Left,0.2823566,1.03825,0.2770961,28.81552
testid,Right,0.4415781,1.401156,-0.3337746,28.81552
testid,Left,0.2781658,1.039735,0.2818053,28.88181
testid,Right,0.4709129,1.413185,-0.327936,28.88181
testid,Left,0.2734613,1.039885,0.2859498,28.92351
testid,Right,0.4898968,1.414382,-0.3038564,28.92351
testid,Left,0.2694268,1.040347,0.2894496,28.95744
testid,Right,0.5000014,1.411232,-0.2778418,28.95744
testid,Left,0.2648055,1.040217,0.2936819,28.98907
testid,Right,0.5038088,1.407876,-0.2589719,28.98907
testid,Left,0.2610472,1.039377,0.2971402,29.01985
testid,Right,0.5042126,1.405839,-0.2552937,29.01985
testid,Left,0.2556079,1.03813,0.3023718,29.05114
testid,Right,0.5078083,1.405353,-0.2583315,29.05114
testid,Left,0.2444007,1.035491,0.3137152,29.11539
testid,Right,0.5182207,1.418214,-0.3000903,29.11539
testid,Left,0.2339901,1.034285,0.3240742,29.18045
testid,Right,0.5273434,1.425845,-0.3454988,29.18045
testid,Left,0.2252625,1.032006,0.333402,29.24171
testid,Right,0.5401207,1.427437,-0.3397602,29.24171
testid,Left,0.2220664,1.030857,0.3370676,29.28458
testid,Right,0.5475122,1.423491,-0.3176259,29.28458
testid,Left,0.2182038,1.030513,0.3419578,29.33732
testid,Right,0.5517499,1.416432,-0.2984777,29.33732
testid,Left,0.2173926,1.032313,0.3443705,29.38907
testid,Right,0.5573015,1.420551,-0.3247343,29.38907
testid,Left,0.2184546,1.034229,0.3444916,29.43276
testid,Right,0.5601153,1.417761,-0.3392693,29.43276
testid,Left,0.2208615,1.039623,0.3459148,29.49448
testid,Right,0.5680557,1.413316,-0.3054865,29.49448
testid,Left,0.2212745,1.042959,0.3473705,29.53856
testid,Right,0.5713482,1.409731,-0.2780648,29.53856
testid,Left,0.2211817,1.046269,0.3492838,29.57345
testid,Right,0.5745453,1.405804,-0.2494159,29.57345
testid,Left,0.2205056,1.049409,0.3512962,29.60528
testid,Right,0.5766016,1.402449,-0.2191564,29.60528
testid,Left,0.2185397,1.053307,0.3543808,29.64549
testid,Right,0.5789843,1.398141,-0.1790124,29.64549
testid,Left,0.216028,1.056208,0.3569356,29.67737
testid,Right,0.5799243,1.394459,-0.1479944,29.67737
testid,Left,0.2132879,1.058101,0.3587,29.70839
testid,Right,0.5792425,1.392726,-0.1263341,29.70839
testid,Left,0.2087808,1.060825,0.3616747,29.73956
testid,Right,0.578308,1.389616,-0.09253782,29.73956
testid,Left,0.2025193,1.063551,0.3649367,29.77674
testid,Right,0.5757081,1.384914,-0.05724277,29.77674
testid,Left,0.1932878,1.067565,0.3693163,29.81468
testid,Right,0.5695387,1.379778,-0.009754798,29.81468
testid,Left,0.1847506,1.07059,0.3725227,29.84532
testid,Right,0.5626664,1.37601,0.02589944,29.84532
testid,Left,0.1747325,1.073365,0.3754226,29.8781
testid,Right,0.5532156,1.370657,0.06269325,29.8781
testid,Left,0.1670425,1.075388,0.3770381,29.90886
testid,Right,0.5442385,1.366723,0.08764099,29.90886
testid,Left,0.1549182,1.078533,0.3793492,29.93992
testid,Right,0.5309489,1.36139,0.1239059,29.93992
testid,Left,0.1371856,1.082502,0.3812375,29.98368
testid,Right,0.5106617,1.355472,0.1694475,29.98368
testid,Left,0.12273,1.085782,0.3818025,30.01553
testid,Right,0.4931768,1.350705,0.202734,30.01553
testid,Left,0.1071788,1.088872,0.3817147,30.04809
testid,Right,0.4727215,1.345926,0.2338809,30.04809
testid,Left,0.09058572,1.091669,0.3812705,30.07966
testid,Right,0.4521857,1.342182,0.2622249,30.07966
testid,Left,0.07299774,1.094707,0.3797287,30.11235
testid,Right,0.4304268,1.338968,0.2886365,30.11235
testid,Left,0.06068873,1.096577,0.3774806,30.14373
testid,Right,0.4132314,1.336765,0.3042732,30.14373
testid,Left,0.04199075,1.099184,0.3741217,30.17576
testid,Right,0.3871283,1.333342,0.3270653,30.17576
testid,Left,-0.001121157,1.106302,0.3600198,30.24038
testid,Right,0.3237004,1.328624,0.370141,30.24038
testid,Left,-0.05478716,1.116003,0.3259901,30.33865
testid,Right,0.2095589,1.313537,0.4037368,30.33865
testid,Left,-0.07495353,1.114278,0.3041381,30.41608
testid,Right,0.1470613,1.299977,0.3972884,30.41608
testid,Left,-0.09020503,1.111723,0.2867165,30.45819
testid,Right,0.1007088,1.288735,0.3906093,30.45819
testid,Left,-0.102829,1.107686,0.2680944,30.501
testid,Right,0.05413157,1.270703,0.3769438,30.501
testid,Left,-0.1106473,1.103713,0.2537145,30.53248
testid,Right,0.02222982,1.253564,0.3607352,30.53248
testid,Left,-0.1144158,1.100004,0.2440999,30.56406
testid,Right,0.005612235,1.241534,0.3468698,30.56406
testid,Left,-0.1196835,1.094564,0.229956,30.59493
testid,Right,-0.01713495,1.227332,0.3290433,30.59493
testid,Left,-0.1246446,1.088605,0.2166825,30.62705
testid,Right,-0.03507663,1.217699,0.309141,30.62705
testid,Left,-0.1305548,1.082313,0.2047484,30.66194
testid,Right,-0.04734169,1.210743,0.2887917,30.66194
testid,Left,-0.1512007,1.068667,0.1726712,30.75562
testid,Right,-0.08040155,1.208968,0.2400943,30.75562
testid,Left,-0.1572816,1.069608,0.1643762,30.82005
testid,Right,-0.09104204,1.217879,0.2280699,30.82005
testid,Left,-0.1595885,1.07012,0.1632357,30.85286
testid,Right,-0.09425876,1.221473,0.2257692,30.85286
testid,Left,-0.1642077,1.070236,0.1605478,30.89225
testid,Right,-0.09921269,1.226505,0.2202239,30.89225
testid,Left,-0.166989,1.069635,0.1602522,30.92418
testid,Right,-0.1038185,1.229286,0.219174,30.92418
testid,Left,-0.1745572,1.066064,0.1616779,31.00111
testid,Right,-0.1117005,1.230342,0.2201712,31.00111
testid,Left,-0.1756862,1.066434,0.166014,31.06439
testid,Right,-0.1129716,1.229753,0.2219527,31.06439
testid,Left,-0.1751407,1.068104,0.173292,31.14035
testid,Right,-0.108214,1.228529,0.2195376,31.14035
testid,Left,-0.1735332,1.069444,0.1793771,31.20368
testid,Right,-0.1047203,1.226767,0.222444,31.20368
testid,Left,-0.1726694,1.069897,0.1826588,31.2571
testid,Right,-0.1057811,1.22697,0.2258749,31.2571
testid,Left,-0.1720122,1.070447,0.1846892,31.29714
testid,Right,-0.1074363,1.226529,0.2289558,31.29714
testid,Left,-0.1716345,1.070464,0.186151,31.33492
testid,Right,-0.1077762,1.225852,0.2314009,31.33492
testid,Left,-0.1715654,1.070369,0.1871175,31.37099
testid,Right,-0.1091665,1.226836,0.2351289,31.37099
testid,Left,-0.1716743,1.070107,0.1877815,31.40299
testid,Right,-0.1109132,1.228442,0.2376845,31.40299
testid,Left,-0.1720123,1.069578,0.1883793,31.43786
testid,Right,-0.1127427,1.22992,0.239477,31.43786
testid,Left,-0.1721913,1.069709,0.1887345,31.46692
testid,Right,-0.1158398,1.231445,0.241609,31.46692
testid,Left,-0.1723949,1.069957,0.1890305,31.49862
testid,Right,-0.119935,1.234338,0.2432666,31.49862
testid,Left,-0.173068,1.070621,0.1893522,31.54171
testid,Right,-0.1255068,1.239553,0.2431399,31.54171
testid,Left,-0.1736952,1.071654,0.1896506,31.57588
testid,Right,-0.1294937,1.244426,0.242576,31.57588
testid,Left,-0.1746036,1.073432,0.1902126,31.61316
testid,Right,-0.1359988,1.254438,0.2427759,31.61316
testid,Left,-0.1758092,1.074615,0.190488,31.6441
testid,Right,-0.1384615,1.261255,0.2424554,31.6441
testid,Left,-0.17726,1.075606,0.1904719,31.67597
testid,Right,-0.1406177,1.264186,0.2415987,31.67597
testid,Left,-0.1786894,1.076181,0.1901219,31.70742
testid,Right,-0.1452093,1.267743,0.2413807,31.70742
testid,Left,-0.1802683,1.076302,0.1892706,31.75066
testid,Right,-0.1488716,1.264937,0.240216,31.75066
testid,Left,-0.1824508,1.075964,0.1874597,31.78811
testid,Right,-0.1496273,1.260137,0.2385874,31.78811
testid,Left,-0.1842894,1.07605,0.185566,31.82707
testid,Right,-0.1496669,1.250163,0.2379948,31.82707
testid,Left,-0.185398,1.076106,0.1844827,31.85934
testid,Right,-0.1478088,1.237313,0.23723,31.85934
testid,Left,-0.1933754,1.073854,0.1737838,32.03422
testid,Right,-0.1158222,1.109892,0.2433859,32.03422
testid,Left,-0.1959693,1.068181,0.1701494,32.11794
testid,Right,-0.107438,1.087459,0.2425469,32.11794
testid,Left,-0.1960886,1.067964,0.1705439,32.16071
testid,Right,-0.1047545,1.080829,0.2420023,32.16071
testid,Left,-0.1961752,1.066928,0.1699229,32.20484
testid,Right,-0.1056864,1.075361,0.252831,32.20484
testid,Left,-0.1953124,1.067075,0.1696126,32.24937
testid,Right,-0.1045845,1.073444,0.2525089,32.24937
testid,Left,-0.1951121,1.067043,0.1692731,32.28257
testid,Right,-0.1060399,1.074458,0.2523456,32.28257
testid,Left,-0.1950147,1.066756,0.1686722,32.31732
testid,Right,-0.1067139,1.076515,0.2512732,32.31732
testid,Left,-0.1942052,1.066325,0.167602,32.35551
testid,Right,-0.1075451,1.079202,0.2502829,32.35551
testid,Left,-0.1934567,1.06585,0.166473,32.38721
testid,Right,-0.1088633,1.080452,0.2502019,32.38721
testid,Left,-0.1927659,1.064912,0.1651167,32.41927
testid,Right,-0.1097859,1.082101,0.2503322,32.41927
testid,Left,-0.1920755,1.064034,0.1636862,32.45263
testid,Right,-0.1105776,1.083282,0.2507232,32.45263
testid,Left,-0.1915343,1.063928,0.1623655,32.48759
testid,Right,-0.1107512,1.083639,0.2508022,32.48759
testid,Left,-0.1912384,1.063925,0.1610098,32.52365
testid,Right,-0.1101169,1.085193,0.2502968,32.52365
testid,Left,-0.1912321,1.063615,0.1596813,32.55515
testid,Right,-0.111281,1.086392,0.2509139,32.55515
testid,Left,-0.1915138,1.063377,0.160058,32.58587
testid,Right,-0.1120431,1.087037,0.251256,32.58587
testid,Left,-0.1912614,1.063059,0.159043,32.61932
testid,Right,-0.1133152,1.088989,0.2518535,32.61932
testid,Left,-0.1909497,1.063226,0.1584128,32.65204
testid,Right,-0.1163226,1.093045,0.252937,32.65204
testid,Left,-0.1910147,1.063282,0.1580185,32.71306
testid,Right,-0.126208,1.109267,0.2554272,32.71306
testid,Left,-0.1909257,1.063447,0.156191,32.76635
testid,Right,-0.1400153,1.135097,0.2585585,32.76635
testid,Left,-0.1924831,1.06432,0.1680801,32.79794
testid,Right,-0.1470564,1.151846,0.2602366,32.79794
testid,Left,-0.1925723,1.064175,0.1677198,32.82809
testid,Right,-0.1577842,1.174342,0.2656511,32.82809
testid,Left,-0.192669,1.06381,0.1672645,32.85955
testid,Right,-0.1710124,1.19941,0.2734293,32.85955
testid,Left,-0.1926534,1.063014,0.1661681,32.89248
testid,Right,-0.1859247,1.228618,0.2848932,32.89248
testid,Left,-0.1926321,1.06274,0.1657478,32.92425
testid,Right,-0.1996458,1.259131,0.3013446,32.92425
testid,Left,-0.1924864,1.062693,0.1652943,32.95711
testid,Right,-0.2077643,1.286095,0.3167385,32.95711
testid,Left,-0.1919773,1.06349,0.1651803,33.02191
testid,Right,-0.2093016,1.317042,0.2622488,33.02191
testid,Left,-0.1909069,1.064957,0.1663753,33.06409
testid,Right,-0.2009168,1.317598,0.2131955,33.06409
testid,Left,-0.1906108,1.066548,0.1683426,33.10681
testid,Right,-0.1807076,1.320374,0.1713307,33.10681
testid,Left,-0.191064,1.068635,0.170112,33.14011
testid,Right,-0.1716002,1.319771,0.165974,33.14011
testid,Left,-0.191919,1.071713,0.1716114,33.17285
testid,Right,-0.1895041,1.332578,0.1854101,33.17285
testid,Left,-0.1932711,1.075947,0.1726513,33.21342
testid,Right,-0.2208885,1.365843,0.2336327,33.21342
testid,Left,-0.1939334,1.077687,0.172505,33.2447
testid,Right,-0.230406,1.384562,0.2820321,33.2447
testid,Left,-0.1933008,1.077044,0.1712104,33.30756
testid,Right,-0.2212388,1.374656,0.2689629,33.30756
testid,Left,-0.1909764,1.076446,0.1694064,33.3516
testid,Right,-0.2056155,1.365006,0.2146141,33.3516
testid,Left,-0.1902848,1.075165,0.1685443,33.38256
testid,Right,-0.1867832,1.35379,0.1860922,33.38256
testid,Left,-0.1908236,1.073718,0.1683973,33.41389
testid,Right,-0.1715612,1.340595,0.1759618,33.41389
testid,Left,-0.1920389,1.073528,0.1688026,33.44617
testid,Right,-0.1707943,1.333738,0.1901891,33.44617
testid,Left,-0.1939071,1.072973,0.1695475,33.47817
testid,Right,-0.1735565,1.332381,0.2164144,33.47817
testid,Left,-0.1947866,1.073451,0.1712408,33.51003
testid,Right,-0.1736237,1.329725,0.2424133,33.51003
testid,Left,-0.1946528,1.073742,0.1735893,33.54084
testid,Right,-0.1673523,1.321234,0.2764126,33.54084
testid,Left,-0.1930609,1.073951,0.1786075,33.5839
testid,Right,-0.1477337,1.301458,0.3258976,33.5839
testid,Left,-0.1907706,1.07314,0.1843287,33.62807
testid,Right,-0.1135712,1.274296,0.3673784,33.62807
testid,Left,-0.1869959,1.070442,0.1924838,33.68082
testid,Right,-0.06217616,1.240306,0.4077628,33.68082
testid,Left,-0.1838235,1.067636,0.1981677,33.71164
testid,Right,-0.02464575,1.221835,0.4287221,33.71164
testid,Left,-0.1799938,1.064262,0.2042614,33.74408
testid,Right,0.01668611,1.207362,0.4455177,33.74408
testid,Left,-0.1750212,1.060727,0.2107754,33.78714
testid,Right,0.0530651,1.196365,0.4694428,33.78714
testid,Left,-0.1609671,1.053693,0.2262122,33.85035
testid,Right,0.1281094,1.187449,0.4799323,33.85035
testid,Left,-0.1535979,1.053497,0.233478,33.89635
testid,Right,0.1395088,1.194354,0.4731907,33.89635
testid,Left,-0.1462811,1.053558,0.2407822,33.92886
testid,Right,0.1472812,1.202238,0.466574,33.92886
testid,Left,-0.1392456,1.054554,0.2485673,33.95894
testid,Right,0.1508758,1.211185,0.4582998,33.95894
testid,Left,-0.1327736,1.056561,0.2566248,33.99416
testid,Right,0.1512029,1.217249,0.4509973,33.99416
testid,Left,-0.1202523,1.06222,0.2747158,34.06511
testid,Right,0.1533518,1.223091,0.4399621,34.06511
testid,Left,-0.1110319,1.067506,0.2873742,34.12666
testid,Right,0.1530356,1.222253,0.4349422,34.12666
testid,Left,-0.1043283,1.070905,0.2937627,34.19236
testid,Right,0.1522719,1.215869,0.4325933,34.19236
testid,Left,-0.09861417,1.073743,0.2982114,34.24448
testid,Right,0.1544984,1.21411,0.4282663,34.24448
testid,Left,-0.09706359,1.074183,0.2991338,34.27463
testid,Right,0.1536881,1.211928,0.4263227,34.27463
testid,Left,-0.09447195,1.074907,0.3007492,34.30587
testid,Right,0.1527313,1.208737,0.4231102,34.30587
testid,Left,-0.09042279,1.076602,0.3031949,34.34977
testid,Right,0.1486914,1.202655,0.416535,34.34977
testid,Left,-0.08699079,1.078842,0.3057761,34.38186
testid,Right,0.1429143,1.196903,0.4100461,34.38186
testid,Left,-0.08228831,1.082328,0.3093713,34.41362
testid,Right,0.1364015,1.190489,0.4025,34.41362
testid,Left,-0.0748465,1.088862,0.3140597,34.44743
testid,Right,0.1268433,1.183663,0.3922771,34.44743
testid,Left,-0.06870966,1.095613,0.3174628,34.47716
testid,Right,0.1174033,1.178993,0.3841455,34.47716
testid,Left,-0.05881507,1.10444,0.3226524,34.50822
testid,Right,0.1024866,1.172229,0.3720888,34.50822
testid,Left,-0.04152646,1.115542,0.3309947,34.55076
testid,Right,0.08417077,1.163327,0.3562658,34.55076
testid,Left,-0.02621385,1.122279,0.3390274,34.58278
testid,Right,0.07335885,1.153525,0.3485479,34.58278
testid,Left,0.0009400582,1.13263,0.3489887,34.63946
testid,Right,0.06109424,1.140798,0.3409737,34.63946
testid,Left,0.01591014,1.134917,0.3539681,34.67614
testid,Right,0.06185149,1.136042,0.3422071,34.67614
testid,Left,0.02483526,1.132122,0.3561517,34.71266
testid,Right,0.07622825,1.131483,0.3510211,34.71266
testid,Left,0.04458422,1.129074,0.3615207,34.77585
testid,Right,0.09418852,1.133334,0.3575431,34.77585
testid,Left,0.0518348,1.131603,0.3717611,34.84101
testid,Right,0.1151647,1.136422,0.3601821,34.84101
testid,Left,0.05665319,1.132609,0.3744951,34.87603
testid,Right,0.1136748,1.138635,0.3575059,34.87603
testid,Left,0.0612312,1.134533,0.3759274,34.90575
testid,Right,0.1172501,1.139513,0.3569222,34.90575
testid,Left,0.07182823,1.137899,0.3790336,35.0202
testid,Right,0.1222415,1.140614,0.3574424,35.0202
testid,Left,0.08668393,1.141599,0.3679291,35.09508
testid,Right,0.1213982,1.13398,0.3605705,35.09508
testid,Left,0.09707627,1.141504,0.3587141,35.15927
testid,Right,0.1248382,1.127735,0.3633874,35.15927
testid,Left,0.09843137,1.138937,0.3601053,35.22374
testid,Right,0.1260889,1.128333,0.3602122,35.22374
testid,Left,0.09364702,1.142676,0.3574694,35.2778
testid,Right,0.1242972,1.131412,0.3598775,35.2778
testid,Left,0.0899581,1.14499,0.3573072,35.3198
testid,Right,0.121785,1.132329,0.3599172,35.3198
testid,Left,0.08686385,1.14836,0.3580542,35.38311
testid,Right,0.1183807,1.135678,0.3615992,35.38311
testid,Left,0.07200775,1.151442,0.365838,35.44941
testid,Right,0.1072824,1.140649,0.3716563,35.44941
testid,Left,0.05033848,1.160717,0.3663839,35.51359
testid,Right,0.10504,1.155157,0.3711521,35.51359
testid,Left,0.004319191,1.169646,0.3664292,35.58652
testid,Right,0.1180334,1.181783,0.3826835,35.58652
testid,Left,-0.0156578,1.175035,0.3609003,35.64056
testid,Right,0.1188101,1.204582,0.3973073,35.64056
testid,Left,-0.02546442,1.173633,0.3651657,35.67257
testid,Right,0.1171882,1.221577,0.4000493,35.67257
testid,Left,-0.0335613,1.173739,0.3631621,35.70489
testid,Right,0.1191826,1.239045,0.4047784,35.70489
testid,Left,-0.04030916,1.173937,0.3608933,35.73675
testid,Right,0.1193183,1.257125,0.4036312,35.73675
testid,Left,-0.04625577,1.173283,0.3593349,35.77055
testid,Right,0.1125827,1.270524,0.3985575,35.77055
testid,Left,-0.05165084,1.172246,0.3575564,35.80952
testid,Right,0.1090203,1.278831,0.3945701,35.80952
testid,Left,-0.0586544,1.16988,0.3547669,35.8531
testid,Right,0.1122598,1.286773,0.3943945,35.8531
testid,Left,-0.0594784,1.169461,0.353539,35.88508
testid,Right,0.1105845,1.288123,0.3928728,35.88508
testid,Left,-0.06126354,1.169321,0.3520179,35.91666
testid,Right,0.09715807,1.291744,0.3839617,35.91666
testid,Left,-0.06248527,1.168693,0.3512457,35.94791
testid,Right,0.08652075,1.292281,0.3766249,35.94791
testid,Left,-0.06551903,1.166745,0.3500979,35.97998
testid,Right,0.08818716,1.290842,0.3774588,35.97998
testid,Left,-0.06695382,1.165639,0.3500935,36.01414
testid,Right,0.09788562,1.287776,0.3850546,36.01414
testid,Left,-0.06692845,1.166228,0.3497964,36.04414
testid,Right,0.09500796,1.287201,0.3833759,36.04414
testid,Left,-0.0672299,1.167403,0.3479829,36.08817
testid,Right,0.08305863,1.286571,0.3751458,36.08817
testid,Left,-0.06747247,1.165917,0.3477046,36.15058
testid,Right,0.09776844,1.281688,0.3832846,36.15058
testid,Left,-0.06602345,1.166248,0.3470433,36.19445
testid,Right,0.09706077,1.282199,0.3803381,36.19445
testid,Left,-0.06487191,1.16638,0.345781,36.23
testid,Right,0.08706489,1.281863,0.3720765,36.23
testid,Left,-0.0637496,1.163106,0.3455578,36.28957
testid,Right,0.09505185,1.276451,0.373044,36.28957
testid,Left,-0.05968206,1.163515,0.3443837,36.34395
testid,Right,0.09939835,1.281701,0.3734062,36.34395
testid,Left,-0.05828333,1.163314,0.3435748,36.37392
testid,Right,0.09103719,1.285044,0.3675964,36.37392
testid,Left,-0.05656217,1.159801,0.3438143,36.41836
testid,Right,0.08438493,1.288278,0.3598166,36.41836
testid,Left,-0.05467977,1.1579,0.3444866,36.44914
testid,Right,0.08685566,1.2926,0.356598,36.44914
testid,Left,-0.05208403,1.15851,0.344111,36.48202
testid,Right,0.08547874,1.293468,0.3518651,36.48202
testid,Left,-0.0497811,1.161736,0.3430748,36.54798
testid,Right,0.08966999,1.27508,0.3578767,36.54798
testid,Left,-0.05085216,1.161674,0.3430845,36.58849
testid,Right,0.1010703,1.268389,0.3679653,36.58849
testid,Left,-0.05108832,1.161139,0.342775,36.62116
testid,Right,0.100734,1.274339,0.36446,36.62116
testid,Left,-0.05140131,1.15824,0.3430319,36.6629
testid,Right,0.09700602,1.281632,0.3577251,36.6629
testid,Left,-0.05180047,1.155367,0.3436975,36.6941
testid,Right,0.09474818,1.280771,0.3557003,36.6941
testid,Left,-0.05154498,1.154676,0.343919,36.72958
testid,Right,0.101522,1.280197,0.3594728,36.72958
testid,Left,-0.05087473,1.157034,0.3428289,36.76781
testid,Right,0.1083078,1.281834,0.3650145,36.76781
testid,Left,-0.0500555,1.159015,0.3412201,36.80299
testid,Right,0.1012481,1.287707,0.3597948,36.80299
testid,Left,-0.04989152,1.157394,0.3412838,36.84195
testid,Right,0.094391,1.287284,0.3556651,36.84195
testid,Left,-0.04951893,1.155971,0.3419312,36.87599
testid,Right,0.09616733,1.28097,0.3600992,36.87599
testid,Left,-0.04856426,1.156258,0.342425,36.90596
testid,Right,0.1006772,1.273948,0.3664034,36.90596
testid,Left,-0.04696525,1.15811,0.3425568,36.93746
testid,Right,0.103407,1.270223,0.3700118,36.93746
testid,Left,-0.0451395,1.160643,0.3424925,36.9701
testid,Right,0.101765,1.265936,0.3705072,36.9701
testid,Left,-0.04198225,1.162894,0.3428968,37.00052
testid,Right,0.0964933,1.259969,0.3679152,37.00052
testid,Left,-0.03791426,1.164731,0.3433443,37.03311
testid,Right,0.09204318,1.252796,0.3661501,37.03311
testid,Left,-0.03139186,1.168181,0.3446361,37.06971
testid,Right,0.08625279,1.242864,0.3661617,37.06971
testid,Left,-0.01777959,1.173404,0.3467247,37.10599
testid,Right,0.0762359,1.226017,0.3663589,37.10599
testid,Left,-0.006345072,1.176188,0.3494077,37.13761
testid,Right,0.06759794,1.210227,0.3629652,37.13761
testid,Left,0.01374994,1.178977,0.3511914,37.18196
testid,Right,0.05730174,1.188109,0.3600964,37.18196
testid,Left,0.01939358,1.172291,0.356272,37.21271
testid,Right,0.06876252,1.173066,0.3648057,37.21271
testid,Left,0.03396701,1.161276,0.3629402,37.24438
testid,Right,0.07169822,1.168034,0.3650146,37.24438
testid,Left,0.04319495,1.153897,0.3640906,37.27878
testid,Right,0.07406516,1.164537,0.3637575,37.27878
testid,Left,0.05332981,1.148722,0.3638552,37.31041
testid,Right,0.08764107,1.159623,0.3671017,37.31041
testid,Left,0.06030084,1.149188,0.3643006,37.34237
testid,Right,0.09823667,1.153498,0.3694769,37.34237
testid,Left,0.06968676,1.154397,0.3656345,37.37334
testid,Right,0.1006556,1.147969,0.3704451,37.37334
testid,Left,0.07953598,1.15468,0.3627934,37.40347
testid,Right,0.1100578,1.142147,0.370276,37.40347
testid,Left,0.08886365,1.153787,0.3636523,37.43581
testid,Right,0.1178484,1.137655,0.3715588,37.43581
testid,Left,0.1003851,1.153875,0.36595,37.47849
testid,Right,0.1314109,1.135757,0.372536,37.47849
testid,Left,0.1121706,1.159516,0.3706122,37.52195
testid,Right,0.1495867,1.133468,0.3743491,37.52195
testid,Left,0.1245718,1.161569,0.372425,37.55403
testid,Right,0.1622467,1.127253,0.3761249,37.55403
testid,Left,0.1336675,1.162115,0.3717957,37.58644
testid,Right,0.16947,1.127241,0.3761454,37.58644
testid,Left,0.1473593,1.164798,0.3684023,37.61796
testid,Right,0.180661,1.128822,0.372802,37.61796
testid,Left,0.1606494,1.1682,0.3641569,37.6498
testid,Right,0.1944624,1.13179,0.3675142,37.6498
testid,Left,0.1697543,1.171246,0.3589391,37.68204
testid,Right,0.2046485,1.137625,0.3643599,37.68204
testid,Left,0.1796622,1.17348,0.3521581,37.73102
testid,Right,0.2161606,1.143022,0.358413,37.73102
testid,Left,0.1872552,1.173548,0.3481556,37.76785
testid,Right,0.224099,1.144717,0.3540359,37.76785
testid,Left,0.1902991,1.173223,0.3449673,37.8089
testid,Right,0.2275073,1.144474,0.3503568,37.8089
testid,Left,0.1928186,1.171811,0.3424008,37.84023
testid,Right,0.2304609,1.143724,0.3470908,37.84023
testid,Left,0.1934978,1.167377,0.3371123,37.90639
testid,Right,0.2335881,1.142071,0.341285,37.90639
testid,Left,0.2009651,1.163545,0.3272575,38.00361
testid,Right,0.2410076,1.139253,0.3309185,38.00361
testid,Left,0.2092461,1.164841,0.3204958,38.0864
testid,Right,0.2498067,1.140667,0.3235624,38.0864
testid,Left,0.214393,1.163931,0.3180141,38.12867
testid,Right,0.2560638,1.140799,0.320479,38.12867
testid,Left,0.2318509,1.163765,0.3086312,38.20459
testid,Right,0.2750155,1.144062,0.3123962,38.20459
testid,Left,0.2481252,1.164193,0.3065824,38.2612
testid,Right,0.2914012,1.144943,0.3078003,38.2612
testid,Left,0.2676117,1.16761,0.3034446,38.30516
testid,Right,0.3111129,1.148944,0.302694,38.30516
testid,Left,0.2855139,1.172886,0.300698,38.33642
testid,Right,0.328597,1.154073,0.2980717,38.33642
testid,Left,0.3042787,1.180041,0.2972941,38.36889
testid,Right,0.3470803,1.16105,0.2938253,38.36889
testid,Left,0.3294111,1.192088,0.2923576,38.4105
testid,Right,0.3730949,1.175035,0.2885447,38.4105
testid,Left,0.3402868,1.199682,0.291637,38.44376
testid,Right,0.3850841,1.184266,0.2869838,38.44376
testid,Left,0.3809649,1.230519,0.3061535,38.52454
testid,Right,0.4270763,1.226583,0.2954108,38.52454
testid,Left,0.3795018,1.2727,0.3682295,38.61923
testid,Right,0.4233966,1.278828,0.3575789,38.61923
testid,Left,0.3630519,1.28167,0.4274955,38.68165
testid,Right,0.4068869,1.291771,0.4141798,38.68165
testid,Left,0.3426239,1.276477,0.5119177,38.73265
testid,Right,0.3844621,1.293087,0.5005338,38.73265
testid,Left,0.3324753,1.263795,0.5523748,38.76627
testid,Right,0.3725002,1.283472,0.5440645,38.76627
testid,Left,0.3177911,1.244121,0.6089666,38.7976
testid,Right,0.3553609,1.267549,0.6058197,38.7976
testid,Left,0.280257,1.181788,0.7372242,38.86108
testid,Right,0.3122958,1.208473,0.7490544,38.86108
testid,Left,0.2435863,1.117468,0.8397454,38.9278
testid,Right,0.2772663,1.138393,0.857222,38.9278
testid,Left,0.2032258,1.050394,0.930094,38.99427
testid,Right,0.2428732,1.068158,0.9433948,38.99427
testid,Left,0.1882825,0.976864,0.9827278,39.06098
testid,Right,0.2252248,0.9956169,1.001762,39.06098
testid,Left,0.1790856,0.920987,0.9971578,39.12809
testid,Right,0.2112771,0.9411826,1.02092,39.12809
testid,Left,0.1715551,0.8958086,0.9950966,39.19432
testid,Right,0.2020536,0.9162974,1.02078,39.19432
testid,Left,0.1695622,0.8809323,0.9929084,39.2611
testid,Right,0.1974975,0.9042999,1.017083,39.2611
testid,Left,0.1651632,0.8596455,0.9939546,39.3276
testid,Right,0.1904552,0.8881711,1.016272,39.3276
testid,Left,0.1569394,0.8628088,0.9949193,39.39444
testid,Right,0.1842422,0.8861105,1.026159,39.39444
testid,Left,0.1564905,0.8540961,0.9957315,39.46129
testid,Right,0.1884978,0.8785225,1.033946,39.46129
testid,Left,0.1594113,0.8533525,0.9978389,39.52909
testid,Right,0.1896277,0.8726024,1.036605,39.52909
testid,Left,0.1654067,0.8542086,0.9940011,39.59457
testid,Right,0.1900817,0.86145,1.031939,39.59457
testid,Left,0.1727073,0.8525601,0.9877297,39.66105
testid,Right,0.2031374,0.8521425,1.033378,39.66105
testid,Left,0.1745502,0.8519854,0.9860416,39.72817
testid,Right,0.2100707,0.8463029,1.042619,39.72817
testid,Left,0.1745502,0.8519854,0.9860416,39.79465
testid,Right,0.2203462,0.8518006,1.050377,39.79465
testid,Left,0.1745502,0.8519854,0.9860416,39.8616
testid,Right,0.218645,0.8508423,1.044501,39.8616
testid,Left,0.1745502,0.8519854,0.9860416,39.92822
testid,Right,0.2213277,0.8504369,1.043307,39.92822
testid,Left,0.1745502,0.8519854,0.9860416,39.99476
testid,Right,0.2233591,0.8508795,1.041785,39.99476
testid,Left,0.1745502,0.8519854,0.9860416,40.06137
testid,Right,0.222898,0.8509808,1.041577,40.06137
testid,Left,0.1745502,0.8519854,0.9860416,40.12832
testid,Right,0.2242952,0.8504808,1.040095,40.12832
testid,Left,0.1745502,0.8519854,0.9860416,40.19539
testid,Right,0.2252869,0.8500322,1.039068,40.19539
testid,Left,0.1745502,0.8519854,0.9860416,40.2612
testid,Right,0.2258432,0.8499132,1.038436,40.2612
testid,Left,0.1745502,0.8519854,0.9860416,40.32774
testid,Right,0.2264601,0.8497183,1.037983,40.32774
testid,Left,0.1745502,0.8519854,0.9860416,40.39484
testid,Right,0.226231,0.8498497,1.038166,40.39484
testid,Left,0.1745502,0.8519854,0.9860416,40.46175
testid,Right,0.2257743,0.8500259,1.038481,40.46175
testid,Left,0.1745502,0.8519854,0.9860416,40.52857
testid,Right,0.2251594,0.8502467,1.038942,40.52857
testid,Left,0.1745502,0.8519854,0.9860416,40.59474
testid,Right,0.2245068,0.8505103,1.039538,40.59474
testid,Left,0.1745502,0.8519854,0.9860416,40.6616
testid,Right,0.2234661,0.8509372,1.040415,40.6616
testid,Left,0.1745502,0.8519854,0.9860416,40.72836
testid,Right,0.2226223,0.8512754,1.041098,40.72836
testid,Left,0.1745502,0.8519854,0.9860416,40.79473
testid,Right,0.2217238,0.8516297,1.041911,40.79473
testid,Left,0.1745502,0.8519854,0.9860416,40.86135
testid,Right,0.2207698,0.8519163,1.042688,40.86135
testid,Left,0.1745502,0.8519854,0.9860416,40.92968
testid,Right,0.2200722,0.8522477,1.043332,40.92968
testid,Left,0.1745502,0.8519854,0.9860416,40.99516
testid,Right,0.2193876,0.852439,1.043889,40.99516
testid,Left,0.1745502,0.8519854,0.9860416,41.06133
testid,Right,0.2188586,0.8528368,1.044376,41.06133
testid,Left,0.1745502,0.8519854,0.9860416,41.12851
testid,Right,0.2179094,0.8530686,1.045102,41.12851
testid,Left,0.1745502,0.8519854,0.9860416,41.1979
testid,Right,0.2177059,0.8533719,1.045383,41.1979
testid,Left,0.1745502,0.8519854,0.9860416,41.2619
testid,Right,0.217049,0.8531965,1.045892,41.2619
testid,Left,0.1745502,0.8519854,0.9860416,41.32904
testid,Right,0.2168086,0.8537976,1.04621,41.32904
testid,Left,0.1745502,0.8519854,0.9860416,41.39499
testid,Right,0.2163205,0.853544,1.046565,41.39499
testid,Left,0.1745502,0.8519854,0.9860416,41.46232
testid,Right,0.2161206,0.8540267,1.046764,41.46232
testid,Left,0.1745502,0.8519854,0.9860416,41.52849
testid,Right,0.2156842,0.8538879,1.047069,41.52849
testid,Left,0.1745502,0.8519854,0.9860416,41.59582
testid,Right,0.2155924,0.8541638,1.047183,41.59582
testid,Left,0.1745502,0.8519854,0.9860416,41.66205
testid,Right,0.2152598,0.8540878,1.047395,41.66205
testid,Left,0.1745502,0.8519854,0.9860416,41.72932
testid,Right,0.2152684,0.8542401,1.047429,41.72932
testid,Left,0.1745502,0.8519854,0.9860416,41.79566
testid,Right,0.2149708,0.8542511,1.04764,41.79566
testid,Left,0.1745502,0.8519854,0.9860416,41.86256
testid,Right,0.2151345,0.8542782,1.047588,41.86256
testid,Left,0.1745502,0.8519854,0.9860416,41.92855
testid,Right,0.2148523,0.8542686,1.047765,41.92855
testid,Left,0.1745502,0.8519854,0.9860416,41.99569
testid,Right,0.2148309,0.8544362,1.047809,41.99569
testid,Left,0.1745502,0.8519854,0.9860416,42.06195
testid,Right,0.2147142,0.8543192,1.047911,42.06195
testid,Left,0.1745502,0.8519854,0.9860416,42.12812
testid,Right,0.2146846,0.8545581,1.047979,42.12812
testid,Left,0.1745502,0.8519854,0.9860416,42.21892
testid,Right,0.2144567,0.8545258,1.048158,42.21892
testid,Left,0.1745502,0.8519854,0.9860416,42.27327
testid,Right,0.2144359,0.8546057,1.048154,42.27327
